                  epoch,         train/box_loss,         train/cls_loss,         train/dfl_loss,   metrics/precision(B),      metrics/recall(B),       metrics/mAP50(B),    metrics/mAP50-95(B),           val/box_loss,           val/cls_loss,           val/dfl_loss,                 lr/pg0,                 lr/pg1,                 lr/pg2
                      1,                 1.0342,                 3.8889,                 1.3729,                0.50423,                0.05035,                0.09688,                0.07415,                0.68435,                 3.3747,                 1.1688,             0.00015646,             0.00015646,             0.00015646
                      2,                0.92267,                 3.3035,                 1.3239,                0.22618,                0.28891,                0.20794,                0.15256,                0.85689,                 2.8691,                 1.3089,             0.00031357,             0.00031357,             0.00031357
                      3,                0.98768,                 2.9047,                 1.3379,                0.33856,                0.31971,                 0.2666,                0.19392,                0.92181,                 2.6356,                 1.3143,             0.00046911,             0.00046911,             0.00046911
                      4,                0.97952,                 2.6855,                 1.3195,                0.34701,                0.36734,                0.32121,                0.22314,                 1.0359,                 2.7065,                 1.4169,             0.00046893,             0.00046893,             0.00046893
                      5,                0.93463,                 2.4997,                 1.3025,                0.39515,                0.56007,                   0.44,                0.33489,                0.88271,                  2.205,                 1.3211,             0.00046893,             0.00046893,             0.00046893
                      6,                0.96868,                 2.3846,                 1.3136,                0.44672,                0.51123,                0.50651,                0.39266,                0.84048,                  2.029,                 1.2706,             0.00046658,             0.00046658,             0.00046658
                      7,                0.91628,                 2.1904,                 1.2764,                0.53558,                0.51525,                0.55709,                0.42302,                0.85481,                 1.7626,                 1.2875,             0.00046422,             0.00046422,             0.00046422
                      8,                0.88583,                 2.0735,                 1.2629,                0.52873,                0.59323,                0.57999,                0.45587,                0.80185,                 1.7982,                 1.2467,             0.00046186,             0.00046186,             0.00046186
                      9,                0.88388,                 2.0342,                 1.2624,                0.56495,                0.56696,                0.62803,                0.48404,                0.79851,                 1.5853,                 1.2347,             0.00045951,             0.00045951,             0.00045951
                     10,                0.86435,                 1.9103,                 1.2438,                0.58762,                0.65544,                0.64866,                0.51436,                0.76567,                 1.5662,                 1.1994,             0.00045715,             0.00045715,             0.00045715
                     11,                0.85987,                 1.8428,                 1.2348,                0.65362,                0.59319,                0.67044,                0.54848,                0.74516,                 1.4235,                 1.1862,             0.00045479,             0.00045479,             0.00045479
                     12,                0.84785,                 1.7788,                 1.2241,                0.59261,                0.71331,                0.68092,                0.54725,                0.76281,                 1.3735,                 1.1867,             0.00045244,             0.00045244,             0.00045244
                     13,                0.82253,                 1.6989,                 1.2198,                0.63575,                0.71874,                0.70402,                0.57168,                0.73569,                 1.2975,                  1.159,             0.00045008,             0.00045008,             0.00045008
                     14,                0.79422,                 1.6297,                 1.1976,                0.58188,                0.71834,                0.70517,                0.57725,                0.71299,                 1.2367,                 1.1583,             0.00044773,             0.00044773,             0.00044773
                     15,                0.80258,                 1.5923,                 1.2007,                0.65251,                0.74179,                0.73017,                0.58854,                0.73574,                 1.1473,                 1.1608,             0.00044537,             0.00044537,             0.00044537
                     16,                0.79722,                 1.6092,                  1.198,                0.63062,                0.72659,                0.71396,                0.56215,                0.77315,                 1.2148,                  1.174,             0.00044301,             0.00044301,             0.00044301
                     17,                0.78388,                 1.5414,                 1.1969,                0.64215,                0.71155,                0.70137,                0.54816,                0.79125,                  1.263,                 1.1929,             0.00044066,             0.00044066,             0.00044066
                     18,                0.79488,                  1.549,                 1.2043,                0.65483,                0.77104,                0.74582,                0.61444,                0.69286,                 1.1057,                 1.1434,              0.0004383,              0.0004383,              0.0004383
                     19,                0.78887,                 1.4775,                 1.1868,                0.64929,                0.75726,                0.73575,                0.57793,                0.76241,                 1.1839,                 1.1728,             0.00043594,             0.00043594,             0.00043594
                     20,                 0.7774,                  1.422,                 1.1877,                0.69865,                0.77988,                0.72868,                 0.5995,                0.71718,                 1.0863,                 1.1495,             0.00043359,             0.00043359,             0.00043359
                     21,                0.76934,                 1.4339,                 1.1729,                0.68323,                0.72215,                0.73641,                0.59659,                0.72763,                  1.144,                 1.1358,             0.00043123,             0.00043123,             0.00043123
                     22,                0.76384,                 1.3751,                 1.1758,                0.66227,                0.72975,                0.74975,                 0.6063,                0.71676,                 1.0856,                 1.1491,             0.00042888,             0.00042888,             0.00042888
                     23,                0.75329,                 1.3505,                 1.1651,                 0.6798,                0.79611,                0.77592,                0.62818,                0.70592,                 1.0206,                 1.1343,             0.00042652,             0.00042652,             0.00042652
                     24,                0.73472,                 1.3703,                 1.1606,                0.70355,                0.71447,                0.75572,                0.61834,                0.69666,                 1.0405,                 1.1257,             0.00042416,             0.00042416,             0.00042416
                     25,                 0.7252,                 1.3265,                 1.1665,                0.69692,                0.79397,                0.78123,                 0.6318,                0.70861,                0.99757,                  1.143,             0.00042181,             0.00042181,             0.00042181
                     26,                0.72105,                 1.2944,                 1.1527,                0.69678,                0.80523,                0.77575,                0.64888,                0.63739,                0.97028,                 1.0964,             0.00041945,             0.00041945,             0.00041945
                     27,                0.71658,                 1.2931,                 1.1405,                 0.6746,                0.77082,                0.75119,                0.62192,                0.66601,                 1.0749,                 1.0995,              0.0004171,              0.0004171,              0.0004171
                     28,                0.71817,                 1.2869,                 1.1538,                0.73985,                0.77623,                0.77695,                0.65169,                0.65078,                 1.0035,                 1.1058,             0.00041474,             0.00041474,             0.00041474
                     29,                0.75368,                 1.2516,                 1.1643,                 0.6998,                0.82369,                0.80244,                0.65731,                0.66334,                0.97973,                 1.1169,             0.00041238,             0.00041238,             0.00041238
                     30,                0.73502,                 1.2328,                 1.1504,                0.71126,                0.79936,                0.78489,                 0.6463,                0.63888,                0.98304,                 1.0967,             0.00041003,             0.00041003,             0.00041003
                     31,                0.70448,                 1.1891,                 1.1258,                0.71646,                 0.8366,                0.81404,                 0.6826,                0.63862,                0.89639,                 1.0741,             0.00040767,             0.00040767,             0.00040767
                     32,                0.73484,                 1.2069,                 1.1492,                0.70515,                0.79151,                0.80508,                0.67057,                0.65896,                0.94353,                 1.0967,             0.00040531,             0.00040531,             0.00040531
                     33,                0.70483,                 1.1402,                 1.1283,                0.71477,                0.81985,                0.80612,                0.67407,                0.64378,                0.90652,                 1.0839,             0.00040296,             0.00040296,             0.00040296
                     34,                0.69677,                 1.1263,                 1.1288,                0.73831,                0.81178,                0.80844,                0.66717,                0.66943,                0.91777,                 1.0869,              0.0004006,              0.0004006,              0.0004006
                     35,                0.70759,                 1.1244,                 1.1279,                 0.7306,                 0.8106,                0.80918,                0.68187,                0.62513,                0.90643,                  1.087,             0.00039825,             0.00039825,             0.00039825
                     36,                0.68557,                 1.0917,                 1.1221,                0.71667,                0.83547,                0.81855,                 0.6776,                0.62545,                0.88763,                 1.0656,             0.00039589,             0.00039589,             0.00039589
                     37,                0.67967,                  1.093,                 1.1203,                0.75615,                0.82036,                0.82789,                0.69863,                0.61665,                0.88837,                 1.0782,             0.00039353,             0.00039353,             0.00039353
                     38,                0.69139,                 1.0993,                 1.1312,                 0.7468,                0.84131,                0.83015,                0.69525,                0.61679,                0.88317,                 1.0716,             0.00039118,             0.00039118,             0.00039118
                     39,                0.67993,                 1.0868,                 1.1273,                0.72771,                0.82269,                0.80259,                0.65695,                0.67418,                0.96885,                 1.1026,             0.00038882,             0.00038882,             0.00038882
                     40,                0.68085,                 1.0697,                 1.1053,                0.75625,                0.84015,                 0.8143,                  0.695,                0.60874,                0.86004,                 1.0628,             0.00038646,             0.00038646,             0.00038646
                     41,                0.67654,                 1.0697,                  1.128,                0.75323,                0.78409,                0.80055,                 0.6738,                0.61094,                0.90625,                 1.0692,             0.00038411,             0.00038411,             0.00038411
                     42,                0.66791,                 1.0678,                  1.115,                0.77197,                0.77825,                0.81352,                0.67409,                0.64671,                0.89442,                 1.0929,             0.00038175,             0.00038175,             0.00038175
                     43,                0.65072,                 1.0304,                 1.1031,                0.77184,                0.84354,                0.82351,                0.69202,                0.62227,                0.87324,                 1.0765,              0.0003794,              0.0003794,              0.0003794
                     44,                0.67094,                 1.0475,                 1.1253,                0.80247,                0.80882,                 0.8415,                0.71031,                0.59355,                0.85017,                 1.0545,             0.00037704,             0.00037704,             0.00037704
                     45,                0.66708,                 1.0319,                 1.1006,                0.71134,                0.82435,                0.81728,                0.68434,                0.62054,                0.87468,                 1.0764,             0.00037468,             0.00037468,             0.00037468
                     46,                0.65204,                 1.0427,                 1.1108,                0.77622,                0.80211,                0.82866,                0.68856,                 0.6395,                0.82986,                 1.0693,             0.00037233,             0.00037233,             0.00037233
                     47,                0.64285,                 0.9787,                 1.0943,                 0.7431,                0.84038,                0.83331,                0.71305,                0.57632,                0.77548,                 1.0261,             0.00036997,             0.00036997,             0.00036997
                     48,                0.65367,                 1.0042,                 1.1161,                0.74833,                0.84988,                0.82937,                0.71178,                0.57372,                0.82982,                 1.0322,             0.00036761,             0.00036761,             0.00036761
                     49,                0.63957,                0.97672,                 1.0893,                0.77713,                0.80952,                0.81682,                0.68445,                0.62505,                 0.8431,                   1.07,             0.00036526,             0.00036526,             0.00036526
                     50,                0.64628,                0.98318,                  1.097,                0.73475,                0.84795,                0.82552,                0.69883,                0.61112,                0.84044,                 1.0502,              0.0003629,              0.0003629,              0.0003629
                     51,                 0.6511,                0.98134,                 1.1054,                0.76526,                0.83991,                0.83062,                0.70126,                0.61151,                0.84292,                 1.0716,             0.00036055,             0.00036055,             0.00036055
                     52,                0.64476,                0.93432,                 1.0961,                0.78607,                 0.8046,                0.83934,                0.72368,                  0.567,                0.81977,                 1.0431,             0.00035819,             0.00035819,             0.00035819
                     53,                0.63255,                0.92625,                 1.0944,                0.78498,                0.81802,                0.84182,                 0.7126,                0.59183,                0.84904,                  1.054,             0.00035583,             0.00035583,             0.00035583
                     54,                 0.6449,                0.94602,                 1.1005,                0.76954,                0.84169,                0.84927,                 0.7205,                0.58835,                0.81718,                 1.0437,             0.00035348,             0.00035348,             0.00035348
                     55,                0.64213,                 0.9426,                 1.0938,                0.76396,                0.84951,                0.84857,                0.72226,                0.58368,                0.82039,                 1.0389,             0.00035112,             0.00035112,             0.00035112
                     56,                0.64172,                0.91671,                 1.1057,                0.77548,                0.81543,                0.82894,                0.70486,                0.58463,                0.80423,                 1.0292,             0.00034877,             0.00034877,             0.00034877
                     57,                0.64799,                0.94488,                  1.108,                0.76493,                0.81877,                0.83278,                0.70774,                0.60065,                0.83723,                 1.0521,             0.00034641,             0.00034641,             0.00034641
                     58,                0.62395,                 0.9336,                 1.0989,                0.76096,                 0.8364,                0.82933,                0.70852,                0.55819,                0.83423,                 1.0189,             0.00034405,             0.00034405,             0.00034405
                     59,                0.63451,                0.91628,                 1.0846,                 0.7621,                0.80974,                0.82571,                0.71516,                0.55659,                0.79463,                 1.0213,              0.0003417,              0.0003417,              0.0003417
                     60,                0.63019,                 0.9081,                 1.0894,                0.74816,                0.84474,                0.84573,                0.72032,                0.58545,                0.79347,                 1.0325,             0.00033934,             0.00033934,             0.00033934
                     61,                0.63657,                0.88448,                 1.0877,                0.77696,                 0.8209,                0.83065,                0.71998,                0.55237,                0.80034,                 1.0219,             0.00033698,             0.00033698,             0.00033698
                     62,                0.62291,                0.86711,                 1.0856,                0.76635,                0.84868,                0.84295,                0.72002,                0.57316,                0.78006,                  1.033,             0.00033463,             0.00033463,             0.00033463
                     63,                0.62448,                0.86776,                 1.0938,                0.78512,                0.83402,                0.83968,                 0.7169,                0.57729,                0.78099,                 1.0357,             0.00033227,             0.00033227,             0.00033227
                     64,                0.62924,                  0.891,                 1.0915,                0.80535,                0.83091,                0.85367,                0.72952,                0.61324,                0.78634,                 1.0656,             0.00032992,             0.00032992,             0.00032992
                     65,                0.61724,                 0.8727,                 1.0776,                0.80774,                0.84577,                0.85786,                 0.7318,                0.58394,                0.79621,                 1.0334,             0.00032756,             0.00032756,             0.00032756
                     66,                0.60145,                0.84399,                 1.0799,                0.76263,                0.84138,                0.84015,                 0.7306,                0.55918,                0.80348,                 1.0227,              0.0003252,              0.0003252,              0.0003252
                     67,                0.60549,                0.84805,                 1.0811,                 0.7972,                0.83962,                0.84895,                0.72843,                0.54935,                 0.7765,                 1.0205,             0.00032285,             0.00032285,             0.00032285
                     68,                0.60631,                0.83084,                  1.075,                0.78221,                0.83975,                0.86055,                0.74383,                 0.5687,                0.77757,                  1.029,             0.00032049,             0.00032049,             0.00032049
                     69,                0.60279,                0.83488,                 1.0754,                0.77229,                0.87427,                0.86557,                0.74616,                0.56404,                 0.7606,                 1.0217,             0.00031813,             0.00031813,             0.00031813
                     70,                0.61613,                0.84798,                 1.0802,                0.78873,                0.84073,                  0.862,                0.73916,                0.57013,                0.77216,                 1.0248,             0.00031578,             0.00031578,             0.00031578
                     71,                0.59472,                0.83591,                 1.0744,                0.79104,                0.83407,                0.85635,                0.73072,                0.58156,                0.77056,                 1.0319,             0.00031342,             0.00031342,             0.00031342
                     72,                0.59271,                0.81534,                 1.0665,                0.73774,                0.86693,                0.84713,                 0.7358,                0.55594,                0.78315,                 1.0162,             0.00031107,             0.00031107,             0.00031107
                     73,                 0.5992,                0.80997,                 1.0709,                0.77046,                0.84986,                 0.8475,                0.72819,                0.56053,                0.78145,                 1.0282,             0.00030871,             0.00030871,             0.00030871
                     74,                0.60338,                0.83689,                 1.0684,                0.82301,                0.80131,                  0.852,                0.74421,                0.53007,                0.72393,                 1.0003,             0.00030635,             0.00030635,             0.00030635
                     75,                0.60561,                0.81192,                 1.0771,                0.78273,                0.84702,                0.85499,                0.73833,                0.54544,                0.75246,                 1.0049,               0.000304,               0.000304,               0.000304
                     76,                0.58905,                0.79799,                 1.0711,                0.79835,                0.80053,                0.83816,                0.73112,                0.55655,                0.81325,                 1.0303,             0.00030164,             0.00030164,             0.00030164
                     77,                0.58663,                0.79091,                 1.0681,                0.79722,                0.83962,                0.84411,                0.73246,                0.55999,                0.79636,                 1.0175,             0.00029929,             0.00029929,             0.00029929
                     78,                0.59106,                 0.7939,                 1.0675,                0.79839,                 0.8257,                0.84573,                0.74164,                0.53256,                0.77868,                 1.0079,             0.00029693,             0.00029693,             0.00029693
                     79,                0.59634,                0.79145,                 1.0621,                0.83442,                0.80334,                0.85593,                0.73931,                0.54349,                0.74269,                 1.0186,             0.00029457,             0.00029457,             0.00029457
                     80,                0.58318,                0.79746,                 1.0672,                0.78958,                0.80254,                 0.8427,                0.73086,                0.54987,                0.77008,                 1.0104,             0.00029222,             0.00029222,             0.00029222
                     81,                0.56166,                0.76265,                 1.0594,                0.81953,                0.78942,                0.83919,                0.72791,                0.56567,                0.79632,                 1.0171,             0.00028986,             0.00028986,             0.00028986
                     82,                 0.6025,                0.79781,                 1.0733,                0.81477,                0.81161,                 0.8429,                0.73427,                0.54194,                0.76747,                 1.0102,              0.0002875,              0.0002875,              0.0002875
                     83,                0.58503,                0.77994,                 1.0681,                0.85338,                 0.8007,                0.85345,                0.73615,                0.55924,                0.74408,                 1.0219,             0.00028515,             0.00028515,             0.00028515
                     84,                0.60009,                0.79664,                 1.0785,                0.78893,                0.86556,                0.86774,                0.75599,                0.53661,                 0.7337,                 0.9914,             0.00028279,             0.00028279,             0.00028279
                     85,                0.57688,                 0.7767,                 1.0597,                  0.812,                0.84032,                 0.8585,                0.73928,                0.56077,                0.74748,                  1.022,             0.00028044,             0.00028044,             0.00028044
                     86,                0.58123,                0.77897,                 1.0596,                0.82264,                 0.8412,                0.86016,                0.74568,                0.53564,                0.72199,                 0.9955,             0.00027808,             0.00027808,             0.00027808
                     87,                0.58453,                0.76667,                 1.0663,                0.80158,                0.82671,                0.85544,                0.73692,                0.56051,                0.78913,                 1.0203,             0.00027572,             0.00027572,             0.00027572
                     88,                0.56906,                0.74475,                 1.0604,                 0.8272,                 0.7901,                0.84919,                0.73859,                0.54748,                0.78573,                 1.0096,             0.00027337,             0.00027337,             0.00027337
                     89,                0.56656,                0.74591,                 1.0606,                0.77999,                0.84715,                0.85077,                0.74889,                0.53839,                0.76075,                 1.0057,             0.00027101,             0.00027101,             0.00027101
                     90,                0.57058,                0.73708,                 1.0562,                0.78043,                0.81492,                0.84124,                0.72891,                0.56609,                0.81915,                 1.0289,             0.00026865,             0.00026865,             0.00026865
                     91,                   0.59,                0.77096,                 1.0693,                0.81358,                0.80727,                0.85011,                0.73718,                0.54347,                0.83868,                 1.0156,              0.0002663,              0.0002663,              0.0002663
                     92,                0.56246,                0.73154,                 1.0486,                0.83762,                0.78717,                0.85562,                0.74557,                0.55017,                 0.7679,                 1.0135,             0.00026394,             0.00026394,             0.00026394
                     93,                0.54672,                 0.7194,                 1.0428,                0.81538,                0.84351,                 0.8628,                0.75917,                0.52376,                0.73843,                 1.0008,             0.00026159,             0.00026159,             0.00026159
                     94,                 0.5626,                0.73239,                 1.0715,                0.76597,                0.84143,                0.84685,                0.74571,                 0.5298,                 0.7876,                 1.0131,             0.00025923,             0.00025923,             0.00025923
                     95,                 0.5823,                 0.7638,                 1.0632,                0.79603,                0.84925,                0.85348,                 0.7497,                0.52335,                 0.7524,                 1.0029,             0.00025687,             0.00025687,             0.00025687
                     96,                0.55312,                0.73741,                 1.0538,                0.83362,                0.82874,                0.85968,                0.75035,                0.52476,                0.74278,                  1.001,             0.00025452,             0.00025452,             0.00025452
                     97,                0.55879,                0.72324,                 1.0551,                0.82276,                0.85199,                0.85091,                0.73861,                0.55006,                0.72398,                 1.0131,             0.00025216,             0.00025216,             0.00025216
                     98,                0.54991,                0.70092,                 1.0429,                0.76931,                0.84816,                0.85398,                0.74831,                0.52077,                0.76267,                0.99844,              0.0002498,              0.0002498,              0.0002498
                     99,                0.55353,                0.70543,                 1.0412,                0.82623,                0.84061,                0.86147,                0.76455,                0.50414,                0.74858,                0.98687,             0.00024745,             0.00024745,             0.00024745
                    100,                0.55218,                0.69284,                 1.0477,                0.82687,                0.81612,                0.85822,                0.76106,                0.52643,                 0.7636,                 1.0038,             0.00024509,             0.00024509,             0.00024509
                    101,                0.55514,                0.69727,                 1.0503,                0.84147,                0.84487,                0.87075,                0.77112,                0.51024,                 0.6961,                0.98628,             0.00024274,             0.00024274,             0.00024274
                    102,                0.53996,                0.67926,                 1.0377,                0.83949,                0.81207,                  0.859,                0.76582,                0.50651,                0.73008,                0.98597,             0.00024038,             0.00024038,             0.00024038
                    103,                 0.5388,                0.68261,                 1.0346,                0.76762,                0.85413,                0.85135,                0.74362,                0.55461,                0.76087,                 1.0047,             0.00023802,             0.00023802,             0.00023802
                    104,                0.55398,                0.70329,                 1.0396,                 0.8321,                0.84067,                0.86322,                0.76451,                0.50351,                0.72496,                0.97856,             0.00023567,             0.00023567,             0.00023567
                    105,                0.54169,                0.70926,                 1.0445,                0.78671,                 0.8605,                0.86028,                0.75597,                0.52001,                0.73336,                0.98984,             0.00023331,             0.00023331,             0.00023331
                    106,                0.54633,                0.67728,                  1.045,                0.83811,                0.83621,                0.86075,                0.76145,                0.50547,                0.71988,                0.98828,             0.00023096,             0.00023096,             0.00023096
                    107,                0.55117,                0.70485,                 1.0619,                0.81218,                0.83893,                0.86147,                0.75871,                0.50645,                0.70671,                0.98362,              0.0002286,              0.0002286,              0.0002286
                    108,                0.52892,                 0.6874,                 1.0419,                0.80798,                0.84675,                0.85833,                 0.7637,                0.50558,                0.74166,                0.98521,             0.00022624,             0.00022624,             0.00022624
                    109,                0.56552,                0.71777,                  1.072,                0.82537,                0.83507,                0.86707,                0.75763,                0.54085,                0.74867,                 1.0003,             0.00022389,             0.00022389,             0.00022389
                    110,                0.53104,                0.68764,                 1.0341,                0.81267,                0.85183,                0.86867,                0.76547,                0.50937,                0.68501,                0.98129,             0.00022153,             0.00022153,             0.00022153
                    111,                0.55218,                0.70047,                  1.048,                0.84001,                0.83718,                0.86835,                0.77229,                0.50112,                 0.6846,                0.97904,             0.00021917,             0.00021917,             0.00021917
                    112,                0.52704,                0.66075,                 1.0364,                0.85318,                0.81792,                0.86272,                0.75798,                0.51991,                0.71637,                0.98141,             0.00021682,             0.00021682,             0.00021682
                    113,                0.52464,                0.64677,                 1.0334,                0.81719,                0.84389,                0.86119,                0.76138,                0.50378,                0.74386,                0.98535,             0.00021446,             0.00021446,             0.00021446
                    114,                0.54048,                0.66775,                 1.0413,                0.85664,                0.83629,                0.87259,                0.77115,                0.51517,                0.69724,                0.99933,             0.00021211,             0.00021211,             0.00021211
                    115,                0.54195,                0.66606,                 1.0458,                0.84367,                0.81567,                0.86988,                0.77141,                0.50332,                0.69528,                0.98906,             0.00020975,             0.00020975,             0.00020975
                    116,                0.53317,                0.65902,                 1.0354,                0.80897,                0.81546,                0.84977,                0.75737,                0.48837,                0.72271,                0.98041,             0.00020739,             0.00020739,             0.00020739
                    117,                0.54115,                 0.6698,                 1.0436,                0.79391,                 0.8456,                0.85319,                0.75834,                0.49633,                0.72135,                0.98379,             0.00020504,             0.00020504,             0.00020504
                    118,                0.52809,                0.66866,                 1.0389,                0.80663,                0.84267,                0.85466,                0.75304,                0.49823,                0.71069,                0.98412,             0.00020268,             0.00020268,             0.00020268
                    119,                 0.5407,                0.66261,                 1.0397,                0.80287,                0.85376,                0.85093,                0.75907,                0.49225,                0.71326,                0.98121,             0.00020032,             0.00020032,             0.00020032
                    120,                0.52396,                0.62699,                 1.0269,                0.83606,                0.82434,                0.86434,                0.76917,                0.48619,                0.70702,                0.97425,             0.00019797,             0.00019797,             0.00019797
                    121,                0.52532,                0.62801,                 1.0365,                0.83429,                0.83129,                0.85982,                0.76821,                0.48397,                0.68312,                 0.9725,             0.00019561,             0.00019561,             0.00019561
                    122,                0.53918,                0.64323,                 1.0342,                 0.8448,                0.83292,                0.86479,                0.76792,                0.50367,                 0.7125,                0.98299,             0.00019326,             0.00019326,             0.00019326
                    123,                0.51592,                0.61734,                 1.0177,                0.84877,                0.83251,                0.86339,                0.76843,                0.50943,                0.72362,                0.98921,              0.0001909,              0.0001909,              0.0001909
                    124,                0.52974,                0.63724,                 1.0325,                0.83142,                0.84919,                0.86782,                0.77304,                0.49442,                0.73983,                0.98157,             0.00018854,             0.00018854,             0.00018854
                    125,                0.51994,                0.61756,                 1.0241,                0.83392,                0.83917,                0.86512,                0.76701,                0.49591,                0.72451,                0.98873,             0.00018619,             0.00018619,             0.00018619
                    126,                0.52882,                0.64036,                 1.0358,                0.81429,                0.82407,                0.85536,                0.75757,                0.50633,                0.72636,                0.98512,             0.00018383,             0.00018383,             0.00018383
                    127,                0.51945,                0.62567,                 1.0276,                0.84292,                0.80643,                0.85663,                0.75963,                0.49879,                0.72509,                0.98652,             0.00018148,             0.00018148,             0.00018148
                    128,                0.49949,                0.63765,                 1.0277,                0.86968,                0.79088,                0.86636,                0.77598,                0.48329,                0.71468,                0.97217,             0.00017912,             0.00017912,             0.00017912
                    129,                0.50075,                0.60269,                 1.0249,                0.82095,                0.83527,                0.86965,                 0.7773,                0.48163,                0.71502,                0.96589,             0.00017676,             0.00017676,             0.00017676
                    130,                0.51398,                0.61143,                 1.0268,                 0.8147,                0.86406,                0.87154,                0.78517,                0.47216,                0.68673,                0.96048,             0.00017441,             0.00017441,             0.00017441
                    131,                0.52432,                0.63785,                 1.0392,                0.82061,                0.85453,                0.86276,                0.77842,                0.48665,                0.71861,                0.96472,             0.00017205,             0.00017205,             0.00017205
                    132,                0.51949,                0.61735,                 1.0348,                0.80024,                0.86127,                0.86198,                0.77921,                0.47247,                0.71052,                0.95617,             0.00016969,             0.00016969,             0.00016969
                    133,                 0.5231,                0.63102,                 1.0425,                0.78917,                0.84954,                 0.8501,                0.76333,                0.47468,                0.71931,                0.96925,             0.00016734,             0.00016734,             0.00016734
                    134,                0.49815,                   0.62,                 1.0183,                0.86477,                0.82692,                0.86442,                0.76889,                0.48458,                0.70807,                0.96487,             0.00016498,             0.00016498,             0.00016498
                    135,                0.51886,                0.62973,                 1.0263,                0.82835,                0.85255,                0.86376,                0.77351,                0.48331,                 0.7041,                0.96663,             0.00016263,             0.00016263,             0.00016263
                    136,                0.50006,                0.60905,                 1.0218,                0.84984,                0.84628,                 0.8691,                0.77511,                0.48345,                0.69076,                0.97338,             0.00016027,             0.00016027,             0.00016027
                    137,                0.50736,                0.61391,                 1.0327,                0.83908,                0.85391,                0.86853,                0.77773,                0.48552,                0.70487,                 0.9737,             0.00015791,             0.00015791,             0.00015791
                    138,                0.49716,                0.60975,                 1.0212,                0.85896,                0.80708,                0.86493,                0.77386,                  0.485,                0.68223,                  0.971,             0.00015556,             0.00015556,             0.00015556
                    139,                0.49643,                0.60267,                 1.0134,                 0.8394,                0.84328,                0.86736,                0.77975,                0.48142,                0.69426,                0.96674,              0.0001532,              0.0001532,              0.0001532
                    140,                0.49331,                0.61041,                 1.0181,                0.85087,                0.84741,                0.87367,                0.78068,                0.48241,                0.70718,                0.97434,             0.00015084,             0.00015084,             0.00015084
                    141,                0.50141,                0.59529,                 1.0197,                0.82359,                0.85875,                0.85948,                0.76732,                 0.4876,                0.70431,                0.97321,             0.00014849,             0.00014849,             0.00014849
                    142,                0.51161,                0.62806,                 1.0364,                0.86389,                0.81839,                0.86934,                0.77159,                0.49065,                0.70737,                0.98044,             0.00014613,             0.00014613,             0.00014613
                    143,                0.50321,                0.60154,                 1.0291,                0.87015,                0.83157,                0.86739,                0.77742,                0.47252,                0.68743,                0.96907,             0.00014378,             0.00014378,             0.00014378
                    144,                0.50585,                0.60851,                 1.0276,                0.84092,                0.84318,                0.86914,                0.77519,                0.49465,                0.70335,                0.97579,             0.00014142,             0.00014142,             0.00014142
                    145,                0.50005,                0.60677,                 1.0262,                0.82805,                0.87041,                0.86954,                0.77434,                0.49018,                0.72406,                0.97981,             0.00013906,             0.00013906,             0.00013906
                    146,                0.50594,                0.59197,                 1.0198,                0.82653,                0.82388,                0.86562,                0.77876,                 0.4744,                0.69579,                0.96473,             0.00013671,             0.00013671,             0.00013671
                    147,                0.48877,                0.57316,                  1.021,                0.81858,                0.84373,                0.86551,                0.78291,                 0.4605,                 0.6977,                0.95523,             0.00013435,             0.00013435,             0.00013435
                    148,                0.49904,                0.58411,                 1.0183,                0.81014,                0.84597,                0.86859,                0.78652,                0.46317,                0.67127,                 0.9536,             0.00013199,             0.00013199,             0.00013199
                    149,                 0.4879,                0.57442,                 1.0153,                0.80732,                0.86442,                0.87207,                0.78802,                0.47317,                  0.645,                0.95858,             0.00012964,             0.00012964,             0.00012964
                    150,                0.49164,                0.56889,                 1.0113,                0.83637,                0.84519,                0.86832,                0.78381,                0.47006,                0.67246,                0.95132,             0.00012728,             0.00012728,             0.00012728
                    151,                0.48197,                0.56555,                 1.0175,                0.83085,                0.84815,                0.87333,                0.79053,                0.46125,                0.67433,                0.94931,             0.00012493,             0.00012493,             0.00012493
                    152,                0.48165,                0.56173,                 1.0108,                0.83153,                0.87703,                0.87474,                0.78898,                0.47129,                0.66403,                0.95993,             0.00012257,             0.00012257,             0.00012257
                    153,                0.49335,                0.56351,                 1.0163,                0.82731,                0.86644,                0.87117,                0.78695,                0.47361,                0.66679,                0.96135,             0.00012021,             0.00012021,             0.00012021
                    154,                0.48297,                 0.5822,                 1.0131,                0.83994,                0.84813,                0.86853,                  0.786,                0.47872,                0.67396,                0.96428,             0.00011786,             0.00011786,             0.00011786
                    155,                0.49064,                 0.5787,                 1.0207,                0.80719,                0.86377,                0.85724,                0.77695,                0.47222,                 0.6834,                0.95962,              0.0001155,              0.0001155,              0.0001155
                    156,                0.49549,                0.58499,                 1.0287,                0.86504,                0.84659,                0.87343,                0.79378,                0.46904,                0.70398,                0.95774,             0.00011315,             0.00011315,             0.00011315
                    157,                0.47757,                  0.567,                 1.0061,                0.82371,                0.84786,                 0.8667,                0.78296,                0.47435,                0.70532,                0.96018,             0.00011079,             0.00011079,             0.00011079
                    158,                0.49818,                0.56969,                 1.0278,                0.84716,                 0.8347,                0.87281,                0.78837,                 0.4743,                0.69635,                0.96274,             0.00010843,             0.00010843,             0.00010843
                    159,                0.48005,                0.56435,                 1.0161,                0.81816,                0.85208,                0.86714,                0.78501,                0.46701,                0.67333,                0.95384,             0.00010608,             0.00010608,             0.00010608
                    160,                0.47472,                 0.5585,                 1.0072,                 0.8257,                0.85668,                0.86703,                 0.7839,                0.46404,                 0.6698,                0.95328,             0.00010372,             0.00010372,             0.00010372
                    161,                0.48062,                 0.5604,                 1.0188,                0.83552,                0.85402,                0.87604,                0.79083,                0.47123,                  0.711,                0.96111,             0.00010136,             0.00010136,             0.00010136
                    162,                0.48597,                0.56023,                 1.0228,                0.85517,                0.83549,                0.88173,                0.79539,                0.46384,                0.67331,                0.95304,             9.9008e-05,             9.9008e-05,             9.9008e-05
                    163,                0.47505,                0.55013,                 1.0037,                0.84474,                0.85587,                0.88104,                0.78965,                0.46787,                0.67246,                0.95893,             9.6652e-05,             9.6652e-05,             9.6652e-05
                    164,                0.47864,                0.55861,                 1.0097,                0.86409,                 0.8212,                0.87773,                0.78643,                0.46601,                0.66552,                0.95582,             9.4296e-05,             9.4296e-05,             9.4296e-05
                    165,                0.48583,                0.56113,                 1.0142,                0.85583,                0.82972,                0.87549,                0.78686,                0.46344,                0.64721,                0.94488,             9.1939e-05,             9.1939e-05,             9.1939e-05
                    166,                0.46996,                0.54067,                0.99433,                0.86088,                 0.8275,                0.86767,                0.78017,                0.46994,                0.68172,                0.95111,             8.9583e-05,             8.9583e-05,             8.9583e-05
                    167,                0.46913,                0.55257,                 1.0083,                0.84815,                0.82358,                0.86717,                0.78007,                0.46189,                0.69168,                0.94943,             8.7227e-05,             8.7227e-05,             8.7227e-05
                    168,                0.47334,                0.55839,                 1.0151,                 0.8131,                0.84642,                0.86266,                0.77291,                0.47344,                0.71649,                0.95702,             8.4871e-05,             8.4871e-05,             8.4871e-05
                    169,                0.47039,                0.55321,                 1.0108,                0.81791,                0.85756,                0.86877,                0.77545,                0.47712,                0.67884,                0.95545,             8.2515e-05,             8.2515e-05,             8.2515e-05
                    170,                0.45658,                0.52598,                 0.9958,                0.81974,                0.85794,                 0.8675,                 0.7784,                0.46933,                0.66523,                0.95304,             8.0158e-05,             8.0158e-05,             8.0158e-05
                    171,                0.46647,                0.52631,                0.99837,                 0.8284,                0.84609,                0.86414,                0.77528,                0.46703,                0.68425,                0.95045,             7.7802e-05,             7.7802e-05,             7.7802e-05
                    172,                0.45698,                0.52096,                 1.0049,                0.82419,                0.85583,                0.86701,                0.77893,                0.46901,                 0.6705,                0.94691,             7.5446e-05,             7.5446e-05,             7.5446e-05
                    173,                0.46844,                0.54235,                 1.0025,                0.83645,                0.83159,                0.85788,                0.77587,                 0.4646,                0.66975,                0.94769,              7.309e-05,              7.309e-05,              7.309e-05
                    174,                0.45305,                0.51487,                 1.0005,                0.86004,                0.82075,                0.87038,                0.78721,                0.46148,                0.68448,                0.94964,             7.0734e-05,             7.0734e-05,             7.0734e-05
                    175,                0.48121,                0.54743,                 1.0197,                0.83213,                0.84839,                0.86727,                 0.7829,                 0.4654,                0.68485,                0.94979,             6.8377e-05,             6.8377e-05,             6.8377e-05
                    176,                0.46436,                0.54171,                 1.0008,                0.83592,                0.85219,                0.86695,                0.78064,                0.47616,                0.67277,                 0.9532,             6.6021e-05,             6.6021e-05,             6.6021e-05
                    177,                0.45617,                0.53856,                 1.0007,                0.84719,                0.83612,                0.87421,                0.79096,                0.46441,                0.67811,                0.95021,             6.3665e-05,             6.3665e-05,             6.3665e-05
                    178,                0.46686,                0.52772,                 1.0019,                0.85849,                0.82234,                0.87478,                0.79047,                0.45982,                0.68871,                0.94809,             6.1309e-05,             6.1309e-05,             6.1309e-05
                    179,                 0.4628,                0.53187,                 1.0063,                0.86176,                0.80166,                0.86694,                0.78685,                0.45573,                0.68652,                0.94817,             5.8953e-05,             5.8953e-05,             5.8953e-05
                    180,                0.46126,                0.54689,                 1.0064,                0.80879,                0.87241,                0.86979,                 0.7911,                0.45892,                0.66244,                0.94757,             5.6596e-05,             5.6596e-05,             5.6596e-05
                    181,                0.45765,                0.52625,                  1.003,                0.87067,                0.80915,                 0.8713,                0.79276,                0.45593,                0.66688,                0.94264,              5.424e-05,              5.424e-05,              5.424e-05
                    182,                0.46393,                0.53996,                 1.0026,                0.82941,                0.83872,                0.86716,                0.78515,                0.46259,                0.69167,                0.94511,             5.1884e-05,             5.1884e-05,             5.1884e-05
                    183,                 0.4501,                0.52167,                0.99041,                0.85706,                0.81972,                0.86609,                0.78389,                0.46116,                0.67992,                0.94268,             4.9528e-05,             4.9528e-05,             4.9528e-05
                    184,                0.45427,                0.52189,                 1.0005,                0.81728,                0.85157,                0.86846,                0.78521,                0.45599,                 0.6606,                 0.9429,             4.7172e-05,             4.7172e-05,             4.7172e-05
                    185,                 0.4501,                0.52419,                0.99713,                0.84698,                 0.8206,                0.86495,                0.78396,                0.45452,                0.66187,                0.94232,             4.4815e-05,             4.4815e-05,             4.4815e-05
                    186,                0.44865,                0.52203,                0.99989,                0.82488,                0.85121,                0.86627,                0.78689,                0.45595,                0.67736,                0.94298,             4.2459e-05,             4.2459e-05,             4.2459e-05
                    187,                0.44251,                0.49288,                0.99634,                0.82382,                0.84132,                0.86247,                0.78514,                0.45602,                 0.6778,                0.94347,             4.0103e-05,             4.0103e-05,             4.0103e-05
                    188,                0.45427,                0.53609,                 1.0038,                0.81495,                0.86141,                0.86465,                0.78738,                  0.453,                 0.6664,                0.94275,             3.7747e-05,             3.7747e-05,             3.7747e-05
                    189,                0.44034,                0.50404,                0.99698,                0.81409,                0.86519,                0.86782,                0.78469,                0.45676,                0.66195,                0.94549,             3.5391e-05,             3.5391e-05,             3.5391e-05
                    190,                0.44529,                0.50424,                0.99455,                0.85466,                0.81587,                0.86635,                0.78512,                0.45984,                0.66742,                0.94484,             3.3034e-05,             3.3034e-05,             3.3034e-05
                    191,                0.30067,                  0.323,                0.89923,                0.82631,                0.84533,                0.86565,                0.78602,                0.45676,                0.67127,                0.94789,             3.0678e-05,             3.0678e-05,             3.0678e-05
                    192,                0.30085,                0.31101,                0.90005,                0.80962,                0.85892,                0.86593,                0.78601,                0.45747,                0.67222,                0.94586,             2.8322e-05,             2.8322e-05,             2.8322e-05
                    193,                0.29948,                0.30954,                0.90107,                0.81976,                0.84746,                0.86749,                 0.7895,                0.44863,                0.66328,                0.94108,             2.5966e-05,             2.5966e-05,             2.5966e-05
                    194,                0.29589,                 0.3038,                0.89008,                0.81776,                0.85172,                0.86582,                0.78992,                0.45233,                0.65801,                0.94466,              2.361e-05,              2.361e-05,              2.361e-05
                    195,                0.29607,                0.29757,                0.89014,                0.81631,                0.84905,                0.86514,                0.78987,                 0.4476,                0.66731,                0.94015,             2.1253e-05,             2.1253e-05,             2.1253e-05
                    196,                0.29716,                0.31063,                0.90351,                0.82768,                0.84459,                0.87099,                0.79231,                0.44093,                 0.6544,                0.93333,             1.8897e-05,             1.8897e-05,             1.8897e-05
                    197,                0.28595,                0.29549,                0.89412,                0.80954,                0.86335,                 0.8701,                0.79262,                0.43942,                0.64874,                0.93247,             1.6541e-05,             1.6541e-05,             1.6541e-05
                    198,                0.29047,                 0.2919,                0.88799,                0.84549,                0.82874,                0.87468,                0.79663,                 0.4436,                0.64774,                0.93457,             1.4185e-05,             1.4185e-05,             1.4185e-05
                    199,                0.28725,                0.29236,                0.88928,                0.85034,                0.83708,                0.87419,                0.79558,                0.43981,                0.64393,                0.93293,             1.1829e-05,             1.1829e-05,             1.1829e-05
                    200,                0.28744,                 0.2944,                0.89393,                0.84631,                0.83795,                0.87409,                0.79485,                0.43899,                 0.6466,                0.93352,             9.4724e-06,             9.4724e-06,             9.4724e-06
